epoch,dice_cavity,dice_lesion,loss,val_dice_cavity,val_dice_lesion,val_loss
0,0.6998865008354187,0.17123426496982574,0.45739176869392395,0.7163494825363159,0.19328325986862183,1.2624093294143677
1,0.794852077960968,0.23843786120414734,0.37540966272354126,0.780380129814148,0.24726316332817078,0.7292495965957642
2,0.8189731240272522,0.26639240980148315,0.35490724444389343,0.8594693541526794,0.2854873538017273,0.38323503732681274
3,0.832616925239563,0.27803680300712585,0.34500372409820557,0.8624488711357117,0.3051908016204834,0.3457808792591095
4,0.8410022854804993,0.2875136733055115,0.33683866262435913,0.8727991580963135,0.3109777569770813,0.3406110107898712
5,0.8467028141021729,0.2925129234790802,0.3302953839302063,0.8812400102615356,0.3113810420036316,0.3324335515499115
6,0.8508898019790649,0.2987499535083771,0.3269493281841278,0.8686026334762573,0.30988219380378723,0.3169444799423218
7,0.8586509227752686,0.3031020164489746,0.3188163638114929,0.8840593695640564,0.328766793012619,0.34482064843177795
8,0.860663890838623,0.304248571395874,0.31717002391815186,0.8712447881698608,0.3247678279876709,0.34160247445106506
9,0.8631199598312378,0.3089604079723358,0.31284475326538086,0.8929823040962219,0.30319762229919434,0.3020705580711365
10,0.8673693537712097,0.31100425124168396,0.3080403804779053,0.8561023473739624,0.32993409037590027,0.3418579399585724
11,0.8731369972229004,0.3147645890712738,0.3031679689884186,0.9071002006530762,0.33329421281814575,0.3147245943546295
12,0.8766598105430603,0.31816938519477844,0.29881948232650757,0.8893701434135437,0.31212007999420166,0.30429017543792725
13,0.8822741508483887,0.3224007487297058,0.2929307222366333,0.8949869275093079,0.32552409172058105,0.30805274844169617
14,0.8844582438468933,0.32565224170684814,0.2915841042995453,0.9069756269454956,0.29392632842063904,0.30552762746810913
15,0.8851439356803894,0.32931679487228394,0.28969404101371765,0.9078323245048523,0.31735506653785706,0.30378949642181396
16,0.8875806927680969,0.3327071964740753,0.28604379296302795,0.9185576438903809,0.3217795193195343,0.2821776270866394
17,0.8913410305976868,0.3355989158153534,0.28383681178092957,0.9028127193450928,0.33592700958251953,0.3073748052120209
18,0.8955755233764648,0.33818480372428894,0.2791009843349457,0.8492801189422607,0.24103698134422302,0.33987975120544434
19,0.8998433351516724,0.3423139750957489,0.27536076307296753,0.8933568596839905,0.2668535113334656,0.31274059414863586
20,0.9008413553237915,0.34411171078681946,0.27383100986480713,0.9026902318000793,0.34675756096839905,0.30436649918556213
21,0.901419997215271,0.3490324318408966,0.272107869386673,0.9180335402488708,0.30134880542755127,0.283723384141922
22,0.9042201638221741,0.35294532775878906,0.268798828125,0.9099692702293396,0.3094576895236969,0.2894596457481384
23,0.9079622030258179,0.35896265506744385,0.2640356719493866,0.9228272438049316,0.3422932028770447,0.2859189510345459
24,0.9058017730712891,0.36017322540283203,0.2644963562488556,0.9111146330833435,0.33737701177597046,0.28136512637138367
25,0.9086790680885315,0.36256521940231323,0.2620387077331543,0.9189856052398682,0.3459678590297699,0.28870999813079834
26,0.9082964062690735,0.36389389634132385,0.2609482705593109,0.9215686321258545,0.33992207050323486,0.2834675908088684
