stem,category,cavity_dice,cavity_truth_px,lesion_dice,lesion_truth_px
R-13-01,OPMD,0.9750140209914272,42734,0.09181758230609242,905
R-13-02,Healthy,0.9703096234309624,29619,0.0,0
R-13-03,OPMD,0.9809446848443772,38793,0.050017914725904694,349
R-13-04,Benign,0.9369556905560984,24470,0.6091989664082688,10459
R-16-01,OPMD,0.9712862036748676,32249,0.6511171497584541,5021
R-16-02,OPMD,0.9763444751006377,55204,0.3941293472364535,8670
R-16-03,OPMD,0.9850518717915123,41470,0.15161263713602244,1838
R-16-04,OPMD,0.9478607398675055,37396,0.14174532207319093,1378
R-29-01,Benign,0.9729195070441361,37966,0.38269617706237424,2200
R-29-02,Healthy,0.9869345401526197,52313,0.0,0
R-29-03,Benign,0.9822840582750888,37758,0.22518277822908206,2011
R-29-04,Benign,0.98165881270007,36128,0.29536409594492846,1759
R-30-01,Benign,0.9597233023617535,23530,0.37227821326365557,1496
R-31-01,Benign,0.9809806835066864,59697,0.10483715552129505,1153
R-31-02,Benign,0.9128782799159626,41192,0.058221754174815704,388
R-32-01,Benign,0.9422647852885742,49091,0.3577182465342825,4031
R-32-02,Healthy,0.7817538248056728,33559,0.0,0
R-32-03,Benign,0.8463546978907429,41545,0.3537124410230941,3728
R-40-01,Benign,0.9814930812596093,43812,0.14558629776021081,892
R-40-02,Benign,0.9848106720290142,55723,0.1050782322261872,958
R-40-03,Healthy,0.9845959595959596,54678,0.0,0
R-43-01,Benign,0.9398023360287511,13859,0.7037014150651919,10460
R-43-02,Benign,0.9649796507811474,29548,0.5246753246753246,16055
R-43-03,Benign,0.9535577332765233,23875,0.445219165851792,10679
R-43-04,Benign,0.9726533628972653,26225,0.48323129644603596,15073
R-45-01,OPMD,0.9446342403658261,39200,0.8405946196183324,21446
R-45-02,OPMD,0.9820992404724462,44289,0.7786288203048735,30013
R-45-03,OPMD,0.8070954864464619,36003,0.6929736259311455,5292
R-45-04,OPMD,0.9789649506375697,36200,0.7701947349441038,26892
R-48-01,Healthy,0.975193199381762,51950,0.0,0
R-48-02,Healthy,0.9874561137358588,57271,0.0,0
R-48-03,Healthy,0.9614094199277586,33962,0.0,0
R-48-04,Healthy,0.9754793433309662,36438,0.0,0
R-58-01,OCA,0.9393146715003636,46583,0.3207948899929028,2098
R-58-02,OPMD,0.9777173913043479,56347,0.804613459923566,29733
R-58-03,OPMD,0.9674365657110332,16762,0.8857168751132862,11900
R-60-01,Healthy,0.9270799979777212,27738,0.0,0
R-60-02,Healthy,0.9757540457509621,43763,0.0,0
R-60-03,Benign,0.9456014024031687,46321,0.10887096774193548,740
R-60-04,Healthy,0.8995308752043134,25764,0.0,0
R-61-01,OPMD,0.9436016672810276,33566,0.4133731343283582,1942
R-61-02,OPMD,0.9236682481532641,23320,0.2632625300826619,1565
R-61-03,Healthy,0.9848669452636614,43251,0.0,0
R-61-04,Healthy,0.9760912067462841,41483,0.0,0
R-61-05,Healthy,0.9627787180808006,33168,0.0,0
R-64-01,Benign,0.9740921714064752,28888,0.07539936102236422,413
R-72-01,Benign,0.7553832742919673,27885,0.3548848292295473,2554
R-72-02,Benign,0.9596354541011414,33676,0.09696668324216808,634
R-72-03,Benign,0.9423926670366032,22995,0.2060144237311199,796
R-72-04,Benign,0.8990084670231729,16197,0.9718161143599741,12185
R-73-01,Healthy,0.986434185063781,50057,0.0,0
R-73-02,Healthy,0.9789262978840388,57007,0.0,0
R-73-03,Healthy,0.9731380515228496,53798,0.0,0
R-73-04,Healthy,0.9722367731796753,43636,0.0,0
R-88-01,OPMD,0.8984137698278771,13760,0.41024087259506137,1354
R-88-02,OPMD,0.9765476353162548,46457,0.12201036041000772,1108
R-88-03,Healthy,0.956171446986787,45317,0.0,0
R-88-04,Healthy,0.9538211274151783,28734,0.0,0
N-134-01,OPMD,0.9583107322743123,26586,0.12280359234673956,746
N-142-01,Benign,0.969548857597269,25788,0.7677574340994676,18759
N-142-02,Benign,0.9733994362794444,39949,0.7318300375515641,33152
N-142-03,Benign,0.9688643613377953,25534,0.872896174863388,20549
N-142-04,Benign,0.8755950083622797,17130,0.16012633241215948,8148
N-144-01,Benign,0.968816579508038,20610,0.033849592846878496,943
N-145-02,OPMD,0.9771774841206103,33967,0.8599281177686968,9569
N-145-04,OPMD,0.9807838005372271,21832,0.9139296754250387,9567
N-145-05,OPMD,0.9535692255930017,17712,0.8893196355882923,8429
N-145-06,OPMD,0.9680960046831553,13514,0.8793540215326155,6316
N-147-01,Benign,0.8305025425647994,20200,0.04586321850691989,365
N-147-02,Benign,0.9719486837459296,25112,0.01074065786529425,815
N-148-01,Healthy,0.9841691616766467,26599,0.0,0
N-148-02,Benign,0.9524483441834135,28211,0.19257425742574258,1178
N-149-01,OPMD,0.9001780767708746,9347,0.8945745288406625,4722
N-149-02,OPMD,0.9757778990875771,32248,0.9117406818279523,12236
N-149-03,OPMD,0.9764312314586884,39178,0.8318954824839447,19110
N-149-04,OPMD,0.9493712173377306,13526,0.9626362548043601,8028
N-149-05,OPMD,0.7571505666486779,6802,0.7844107639962883,3922
N-150-01,OPMD,0.98287573587374,29457,0.6914781693845344,6134
N-150-02,OPMD,0.9254159670279347,16760,0.7941378835833218,8349
N-150-03,OPMD,0.9438536638478568,13945,0.8859807678403586,7134
N-159-01,Benign,0.9368696940345279,17319,0.15044695564176083,583
N-164-04,Healthy,0.9740869623973782,15114,0.0,0
N-176-03,Healthy,0.9798748563401865,39547,0.0,0
N-189-02,Healthy,0.9503106465110381,36685,0.0,0
N-193-01,OPMD,0.9082984458335723,16146,0.5180273518441774,697
N-193-02,OPMD,0.9661808986856566,54179,0.33903852710535287,2487
N-193-03,Healthy,0.932043610131978,28577,0.0,0
N-193-04,OPMD,0.9595100521543423,22433,0.17007358953393295,495
N-193-05,Healthy,0.9121138409146193,43756,0.0,0
N-195-02,OPMD,0.9741731175228712,41945,0.8460253841015364,25171
N-195-03,OPMD,0.9596044324753874,32752,0.5492506869882999,25544
N-204-01,Benign,0.9679718640093786,10761,0.0744721689059501,194
N-206-01,OCA,0.9599243014583101,18152,0.47340840673430706,2123
N-206-02,Healthy,0.9703781146541209,16841,0.0,0
N-206-03,Healthy,0.9774406776657393,28216,0.0,0
N-206-04,Healthy,0.9793826208629601,34804,0.0,0
N-206-05,Healthy,0.976039260969977,44238,0.0,0
N-214-01,OCA,0.8711069757824818,17431,0.130720361796059,607
N-218-01,Benign,0.9554820113163233,50369,0.075320970042796,411
N-218-02,Healthy,0.9756740803998644,39291,0.0,0
N-220-02,OPMD,0.9613744414291253,49461,0.7160685046687614,28003
N-220-03,OPMD,0.8843573323702232,31834,0.939316885437427,21786
N-220-04,OPMD,0.9546379170056957,37643,0.8508144616607072,19616
N-220-05,OPMD,0.8685642836128273,11989,0.9223643137649784,9253
N-223-02,Healthy,0.9846239925971357,46164,0.0,0
N-224-03,OPMD,0.9730951512942034,33952,0.8874190590000833,18348
N-224-04,OPMD,0.9359803016312711,18402,0.9627789097053123,10017
N-224-05,OPMD,0.9723416183890862,26146,0.9191862023770516,16753
N-225-01,Benign,0.7534485624065149,20147,0.10077326016462958,7027
N-232-01,Benign,0.9634859702038205,42954,0.443363446838082,3685
N-232-02,Benign,0.9790162524194291,48319,0.2200221764612704,2472
N-232-03,Benign,0.972679862510371,33152,0.2258982193657149,1092
N-234-01,OPMD,0.890931439497405,36204,0.748753075746492,17788
N-234-02,OPMD,0.983852473856181,57600,0.42296000947455686,39864
N-234-03,OPMD,0.9754580020739717,42354,0.7505059989567032,29777
N-234-04,OPMD,0.9695128183685037,54225,0.7106335326773248,25649
N-235-01,Benign,0.9609620976205633,28039,0.5458433573910719,5495
N-235-02,Benign,0.9602999862391634,43041,0.6653080420128547,11240
N-235-03,Benign,0.9702742339898759,30908,0.20226345571785762,1666
N-237-01,OPMD,0.9470048356853844,24391,0.6765163835161413,15440
N-237-02,OPMD,0.9337776278049603,33246,0.8621885435396867,24336
N-237-03,OPMD,0.9746728130132994,18709,0.9044675740592474,17028
N-237-04,OPMD,0.9236109033242572,15606,0.898467824310521,12425
N-237-05,OPMD,0.945531210803021,18397,0.8493981895951457,10333
N-248-04,Healthy,0.9666932965356961,33787,0.0,0
N-254-01,OPMD,0.9492943021432305,20602,0.42839951865222625,2663
N-254-02,OPMD,0.9276457433361577,37589,0.7602731222842954,3782
N-254-03,OPMD,0.9739602616314945,19840,0.019836639439906652,102
K-001-01,Healthy,0.9778052033361865,24735,0.0,0
K-001-02,Healthy,0.863372150693356,27784,0.0,0
K-006-01,OPMD,0.9152808913574464,27449,0.7668650027045824,12840
K-006-02,OPMD,0.8986170852412007,19506,0.7723592783833748,8052
K-006-03,OPMD,0.9438350733447866,29860,0.8225237449118046,10607
K-006-04,OPMD,0.9082606012518734,26261,0.8276271287011214,19708
K-006-05,Healthy,0.8841280209013717,10730,0.0,0
K-007-01,OPMD,0.9413632154802622,25469,0.09702222843562142,847
K-007-02,Benign,0.966351701125768,33062,0.7999827979185481,26779
K-008-01,Benign,0.9784018368531274,39824,0.9599682129730803,20841
K-008-02,Benign,0.9713188575048,25499,0.8042764413898434,5402
K-008-03,Benign,0.9931671283471838,40353,0.6302818402762973,11989
K-008-04,Benign,0.9849661949355394,47471,0.5021716271201938,6521
K-012-01,OPMD,0.983547885397343,52760,0.12805681232460914,1118
K-012-02,OPMD,0.954254000754351,18752,0.17702596380802518,230
K-013-01,Benign,0.9648234847526256,7914,0.10406447091800981,323
K-013-02,Benign,0.8918015934207145,10856,0.06566485667382245,260
K-016-01,OPMD,0.9744687860319552,21371,0.2521137586471945,820
K-016-02,Healthy,0.9720330314597211,19909,0.0,0
K-017-01,Benign,0.95093808630394,11095,0.15669261196886564,614
K-018-01,Benign,0.9407894736842105,6769,0.5022230813841098,1299
K-022-01,OCA,0.9478169926478622,32933,0.50928,3183
K-025-01,OPMD,0.9644415308452201,21790,0.6784252582342624,5793
K-025-02,OPMD,0.9131434470461264,30585,0.4983173534827608,8879
K-025-03,OPMD,0.6488516116448042,24103,0.40357257953132913,14517
K-025-04,OPMD,0.8747353078678877,19903,0.5978367748279253,6486
K-026-01,OPMD,0.9790716561504342,24336,0.5293297387747513,4602
K-026-02,OPMD,0.9771887674700974,19650,0.26505152775266677,736
K-026-03,Benign,0.9615656820972052,33517,0.05670913526701003,553
K-026-04,Benign,0.9535162244095962,25635,0.005439924314096499,117
K-028-01,Healthy,0.9317972350230415,19294,0.0,0
K-028-02,OPMD,0.9779331093843665,44500,0.039967150287434985,461
K-028-03,Healthy,0.9795587468874862,42958,0.0,0
K-028-04,Healthy,0.9849019146879816,38031,0.0,0
K-029-01,OPMD,0.9527882428809015,14492,0.7175285426460712,9470
K-029-02,OPMD,0.8911960297766749,22970,0.7174636084834348,13134
K-029-03,OPMD,0.9571505472815359,26751,0.858464966151561,15203
K-029-04,OPMD,0.9310100178789341,17148,0.8100183262064753,9679
K-029-05,OPMD,0.9548876156897311,27117,0.7885166915223127,19351
K-030-01,OPMD,0.9554099841879377,22001,0.9167863351220619,14262
K-030-02,OPMD,0.9570564028080368,31076,0.7896142563159508,13013
K-030-03,OPMD,0.05776864737955855,32410,0.0,13453
K-030-04,OPMD,0.9442421720586706,37443,0.8325048995938308,17915
S-04-01,Benign,0.8868020304568528,16270,0.6369971710480922,7494
S-05-01,Benign,0.9713671285617662,29384,0.6757603686635945,3706
S-10-04,Healthy,0.949495639113144,30463,0.0,0
S-11-01,OPMD,0.9202457568991433,32980,0.24379207592980906,5917
S-11-02,OPMD,0.9094819159335288,23061,0.11759097409820435,1465
S-12-01,OPMD,0.9728215186326702,42636,0.9240698208543868,20503
S-12-02,OPMD,0.9729562595934053,45013,0.820686299497208,23084
S-12-03,OPMD,0.9639216738197425,22911,0.73224043715847,16810
S-12-04,OPMD,0.7936471223160249,14228,0.7766579973992198,2994
S-12-05,OPMD,0.7766699020559428,13338,0.930828729281768,7172
S-19-02,OPMD,0.9049776793206458,31152,0.010201542672306545,3085
S-19-04,OPMD,0.8314157224623292,37234,0.4517233997002783,3770
S-25-01,OPMD,0.9125572369652919,31099,0.3129789864029666,2011
S-25-02,OPMD,0.9684816310142536,45275,0.05226218824414087,417
S-30-01,OPMD,0.972447470991443,22077,0.7574492753623189,10033
S-30-02,OPMD,0.7621904322411936,7491,0.08441926345609065,3381
S-44-01,OCA,0.9673752385047433,37555,0.7247327759551275,8065
S-44-02,OCA,0.9663861474099081,30203,0.6152836604426415,5721
S-47-02,Benign,0.92889032998279,19121,0.03915426781519186,150
S-47-03,Healthy,0.9766127425227804,27039,0.0,0
S-50-01,Benign,0.8414711660695713,35882,0.2567175358112536,1591
S-59-01,OPMD,0.9711132897106769,21794,0.8020587810861514,8670
S-59-02,OPMD,0.980595953719863,38253,0.8717057631045467,17852
S-59-03,OPMD,0.9303141248500139,15639,0.9563316329390661,9207
S-59-04,OPMD,0.9720813961638203,21176,0.8595297768230099,7978
S-64-01,OPMD,0.8814546295939223,24286,0.6143131119410518,13224
S-70-01,Healthy,0.9469144299151181,32820,0.0,0
S-70-02,Healthy,0.9615468838961153,45630,0.0,0
S-70-03,Healthy,0.9415153689090006,46924,0.0,0
S-70-04,Healthy,0.9806642402183804,44029,0.0,0
S-81-01,Benign,0.9430603759320986,14652,0.8397748237854203,12263
S-83-01,Benign,0.7691254250094447,25528,0.10038610038610038,695
S-84-01,OPMD,0.8778435427511945,27154,0.33747178329571104,1632
S-87-01,OCA,0.936578798185941,41528,0.3022057852331264,2288
S-89-01,OPMD,0.9692171905764139,36658,0.3505380266277585,3882
S-89-02,Healthy,0.9512025428700053,36570,0.0,0
S-90-01,OPMD,0.9555988737275287,33900,0.3146352379531553,3466
S-90-02,OPMD,0.8764789398958827,32624,0.25117225015535843,4290
S-90-03,OPMD,0.9525681985745883,31254,0.17942211672259967,1584
S-90-04,OPMD,0.9430367926290232,16735,0.05653798256537983,592
S-96-01,Benign,0.9453744167098733,28334,0.41867504948189543,2399
S-96-02,Healthy,0.9334869178871154,31292,0.0,0
S-96-03,Benign,0.8798583728977227,34225,0.08813778604350286,3635
S-96-04,Healthy,0.8873304027829044,49029,0.0,0
S-98-01,Benign,0.9692374683025538,19347,0.19556647062625218,2863
S-102-01,Benign,0.9139184105766772,14869,0.4430874450415242,3159
S-102-02,Benign,0.9500967836024713,39103,0.46721905748316933,4666
S-103-01,OCA,0.8897186100739596,35543,0.24618388356407525,2245
S-103-02,OCA,0.8415995768936946,37254,0.401537518801181,6527
S-104-01,Healthy,0.734962650633768,24302,0.0,0
S-104-02,OPMD,0.8470774618527475,26746,0.5,6160
S-104-03,OPMD,0.8292525882372875,30763,0.3074337682878608,10653
S-104-04,OPMD,0.7497254040483289,14544,0.41083377588953796,7304
S-104-05,OPMD,0.5274131992925626,15784,0.37165263963274675,8476
S-113-01,OPMD,0.963009318784348,43294,0.19301821050555518,1513
S-113-02,OPMD,0.9527848290279229,33203,0.33627376425855515,2256
S-118-01,Benign,0.9617339129369987,24440,0.09744081018201724,1080
S-118-02,Benign,0.9023941068139963,18360,0.0,556
S-120-01,Benign,0.948452018352161,24824,0.08841393096025217,575
S-121-01,Benign,0.9550119127333884,31874,0.4810465289133343,11793
S-121-02,OPMD,0.9293546784854622,25786,0.6858549258221098,5848
S-125-01,Benign,0.9829622055936084,55237,0.07320556181886509,487
S-129-01,Benign,0.9750131384071473,30974,0.4475903614457831,743
S-135-01,OPMD,0.9554821759984574,21081,0.4189097925711529,2220
S-144-01,OPMD,0.9510555375121793,30536,0.28947548851559823,2188
S-144-02,Healthy,0.9653781038374718,35157,0.0,0
S-144-03,Healthy,0.8280795344325897,24603,0.0,0
S-148-02,OPMD,0.978446151441932,41757,0.37380686215495745,8418
S-149-02,Healthy,0.9435735454687256,26805,0.0,0
S-157-01,OPMD,0.9443604983042879,31005,0.7402730126286591,16997
S-157-02,OPMD,0.9655247654374863,32697,0.6635545405695863,18729
S-157-03,OPMD,0.9529807182027242,14246,0.9362957384045691,8172
S-157-04,OPMD,0.9642970137993137,20971,0.8526611856339247,10106
S-157-05,Healthy,0.9796466911705176,30913,0.0,0
S-160-01,OPMD,0.9654822978022674,23322,0.8702239055363707,8117
S-160-02,OPMD,0.9722020901035701,21429,0.8071077643601635,12771
S-161-01,Benign,0.9720250180549689,37220,0.7472196620583718,20284
S-166-01,OPMD,0.9477118047406712,20927,0.7242344418834376,6698
S-166-02,OPMD,0.9413425691028214,23565,0.83035633330311,11268
S-166-03,OPMD,0.9560782727865023,22285,0.8170980560627216,9403
S-167-01,OPMD,0.9409349100010491,35281,0.7460527656106754,8019
S-167-02,OPMD,0.9634977938227036,17863,0.7771803517725325,4975
S-167-03,OPMD,0.9407215129522699,9880,0.9531282263060087,7073
S-167-04,OPMD,0.8981859931113663,11172,0.7797226207556193,4350
S-175-01,Benign,0.956117578092287,23437,0.06152904262646361,402
S-175-02,Benign,0.9698293323000511,27616,0.1728305095038562,1423
S-177-01,OPMD,0.9446107475381408,24263,0.3918600322620673,1584
S-181-01,OCA,0.9739360432011461,27251,0.2585155969881678,1447
S-183-01,OPMD,0.7805909460558417,10988,0.7909509844993716,5211
S-184-01,OPMD,0.6381766381766382,2267,0.07188160676532769,1368
S-184-02,OPMD,0.9418165989553106,20127,0.8758932365097145,13663
S-184-03,OPMD,0.9234901277584204,12772,0.8656389174374786,8140
S-184-04,OPMD,0.9533513675984371,16808,0.8212089679311323,11925
S-184-05,OPMD,0.9626727160239225,28423,0.9112419700214133,19225
N-012-01,Benign,0.9561532792925571,14116,0.07615823989845567,817
N-072-01,Benign,0.8579903945757604,11054,0.037324464153732445,514
N-072-02,Benign,0.9264023447040626,24981,0.08519701810436635,1264
N-072-03,Benign,0.8270094599350017,27443,0.090167453842851,1113
N-072-04,Benign,0.63304863898347,35022,0.015988372093023256,148
N-082-01,Benign,0.8535868286946295,13225,0.5154639175257731,3700
N-094-01,Benign,0.8836181302368542,13443,0.07825046984452418,229
N-094-02,Benign,0.8829900191123381,17273,0.13494517852122576,240
N-098-01,Healthy,0.9388672460293677,28277,0.0,0
N-098-02,Benign,0.9838992030220666,42962,0.30044717719396313,1127
N-098-03,Healthy,0.9821875670648831,20894,0.0,0
N-110-03,Benign,0.940989708780381,18639,0.911887811683898,15043
S-09-01,Benign,0.8493603411513859,16170,0.20323624595469256,1283
S-18-01,Benign,0.938567935312561,31316,0.6448803659394793,9553
S-18-03,Benign,0.9470513147817207,9529,0.5567685589519651,7930
S-18-04,Benign,0.9724837229159996,23150,0.6069144788146608,8810
S-19-01,OPMD,0.938255797410727,35215,0.5406988909813769,10842
S-19-03,OPMD,0.9268693263258481,35699,0.3471100062150404,3845
S-47-01,Benign,0.963575855646811,16651,0.8437155636222208,8242
S-61-01,Benign,0.9742220275302007,59704,0.01887987106429517,211
C-16-4-2,Healthy,0.907591708374082,55669,0.0,0
C-16-6-1,Healthy,0.9745342618337032,58699,0.0,0
C-16-7-3,Healthy,0.8330893393393394,61660,0.0,0
C-16-7-4,Healthy,0.9540879755251181,47517,0.0,0
C-3-6-1,Healthy,0.9741914407056518,28732,0.0,0
C-3-7-3,Healthy,0.9557071396089132,22846,0.0,0
C-3-9-2,Healthy,0.9286441886523378,41446,0.0,0
C-3-9-4,Healthy,0.9803515135812065,23408,0.0,0
K-030-05,OPMD,0.9434498104258465,35937,0.9096726410902088,17930
N-042-02,Healthy,0.8996157540826129,24602,0.0,0
N-042-03,Healthy,0.8639656133089231,11052,0.0,0
N-042-04,Healthy,0.8391323594510846,19036,0.0,0
N-070-04,Healthy,0.5500093738282714,30937,0.0,0
N-091-02,Healthy,0.9766408305482471,27625,0.0,0
N-091-03,Healthy,0.984147114774889,25263,0.0,0
N-092-04,OPMD,0.9860473723168024,27019,0.642381629142045,4504
N-092-05,OPMD,0.9738813095414908,23711,0.47212153929204903,3082
N-110-02,Healthy,0.9552189710082086,32875,0.0,0
S-18-02,Benign,0.8279292325127495,16631,0.6155073620076884,8924
N-018-02,OCA,0.9781404748314642,32473,0.21553274172031786,2703
N-020-01,OCA,0.9602947196070405,20275,0.32184808144087707,835
S-55-01,OCA,0.9525776672427602,24444,0.41998130647003845,2085
N-017-01,OPMD,0.9780531074739613,34587,0.5818611870796068,18919
N-017-02,OPMD,0.9655326983110541,30260,0.6523556794259792,22633
N-017-03,OPMD,0.916023166023166,5253,0.8880045480386584,3300
N-017-04,OPMD,0.9330296127562643,10864,0.8389319552110249,4427
N-018-01,OPMD,0.8168595139653172,19759,0.2872566371681416,3699
N-031-01,OPMD,0.9804005503745604,32641,0.8196553779771198,20788
N-062-01,OPMD,0.9497041420118343,41752,0.7328321241479079,28412
N-062-02,OPMD,0.9786379715102136,47595,0.5995949565558242,31844
N-062-03,OPMD,0.8221467967755621,55348,0.3947926012178594,41958
N-062-04,OPMD,0.9355410237412621,15518,0.867969844552672,8092
N-062-05,OPMD,0.8375963020030817,26345,0.790348627339223,12292
N-063-01,OPMD,0.9272989558527203,46503,0.5997220291869354,33743
N-063-02,OPMD,0.9560826279778647,39471,0.8440074135090609,21934
N-063-03,OPMD,0.9342839629641578,32672,0.7679206239719849,23026
N-110-01,OPMD,0.9361791462561232,27369,0.2063070539419087,1271
S-10-02,OPMD,0.9510459238888253,40061,0.422835508618113,5741
S-10-03,OPMD,0.9295103321688674,34020,0.6006230529595016,6203
S-10-05,OPMD,0.9125255986960338,24501,0.7503389502227387,4326
S-135-02,OPMD,0.9734166945067532,20922,0.3375856366643043,1429
S-31-01,OPMD,0.9849418494605565,46869,0.7746366182157621,33644
S-32-01,OPMD,0.930674568217613,19673,0.2932833823922933,1120
S-35-01,OPMD,0.9569968776610843,14417,0.8403466047459931,9172
S-69-01,OCA,0.9841051400261474,43215,0.10983240223463688,1492
S-10-01,OPMD,0.975866527823868,44299,0.5289098394892296,6208
R-111-01,OPMD,0.9706550432807416,49241,0.36990701606086224,9181
R-111-02,OPMD,0.9881310109471259,56664,0.19794871794871796,3523
R-111-03,OCA,0.9089681686079772,43839,0.5958619307649917,6129
R-111-04,Healthy,0.9439576695493855,16753,0.0,0
R-111-05,OCA,0.9409199208496547,12488,0.6287174721189591,2865
R-118-01,Healthy,0.9795140035581502,46578,0.0,0
R-118-02,Healthy,0.983718627413642,52114,0.0,0
R-118-03,Healthy,0.9657460545193687,53850,0.0,0
R-118-04,Healthy,0.9387104487128397,31087,0.0,0
R-118-05,Healthy,0.9608385009436505,29811,0.0,0
R-121-01,Benign,0.9707365704902651,33253,0.1348048292719058,927
R-121-02,Healthy,0.9825361711482707,35777,0.0,0
R-121-03,Benign,0.9829960295910116,40811,0.08018512539016252,756
R-121-04,Healthy,0.975879854368932,25929,0.0,0
R-121-05,Healthy,0.94964368862049,40987,0.0,0
R-127-01,Healthy,0.9839744674132467,43733,0.0,0
R-127-02,Healthy,0.9710110584518168,37692,0.0,0
R-127-03,Healthy,0.9920421916202754,42363,0.0,0
R-127-04,Healthy,0.8102228425662993,25285,0.0,0
R-128-01,Healthy,0.9376681444431814,37198,0.0,0
R-128-02,Healthy,0.9791340007236763,28484,0.0,0
R-128-03,Healthy,0.9557857586353388,45271,0.0,0
R-128-04,Benign,0.9255138256473462,45753,0.3880874825500233,5397
R-129-01,Benign,0.9856625147893163,52931,0.22428005955623342,3716
R-129-02,Benign,0.9698384012071658,28317,0.6421175341150654,4778
R-129-03,Benign,0.9512172107944895,41158,0.47812757929489447,4086
R-129-04,Benign,0.9758998734086513,21052,0.9285879576063313,10645
R-135-01,OPMD,0.9646230900906613,30469,0.07004072134962187,301
R-135-02,OPMD,0.9570846458399561,33651,0.1455484364540499,761
R-135-03,Healthy,0.9854074111050101,29756,0.0,0
R-135-04,OPMD,0.9733495342243823,24195,0.21353786218651083,882
R-135-05,Healthy,0.9604557468757218,18801,0.0,0
R-136-01,OPMD,0.9372143263217737,21250,0.34801762114537443,1581
R-136-02,OPMD,0.9414378564796392,14232,0.19179580674567,802
R-136-03,OCA,0.9556013253335721,28881,0.1372089388967026,448
R-136-04,OPMD,0.949623501962032,23762,0.38601129671914436,4144
R-147-01,Benign,0.9205924394026945,15832,0.035,77
R-147-02,Benign,0.9399082748618243,24431,0.011810665939856455,73
R-147-03,Healthy,0.9758849014959535,41898,0.0,0
R-147-04,Healthy,0.970873786407767,38243,0.0,0
R-147-05,Healthy,0.9699766603012943,45957,0.0,0
R-152-01,OPMD,0.5341851091337745,38344,0.9259723964868256,2276
R-152-02,OPMD,0.8966368658758654,52511,0.34979780473714617,2477
R-152-03,OPMD,0.9621065208400349,54569,0.06621392190152801,2390
R-152-04,OPMD,0.9546940512736921,54248,0.4850775964982093,2774
R-152-05,OPMD,0.9577333043289101,45540,0.2908717948717949,2737
R-170-01,Benign,0.9093473903036603,21437,0.4720448069175592,2425
R-170-02,Benign,0.9178959020141011,44267,0.13224350372087348,545
R-170-03,Healthy,0.922192038099071,31071,0.0,0
R-177-01,Healthy,0.9558924541261897,21208,0.0,0
R-177-02,Healthy,0.8598798397863818,16531,,0
R-179-01,OPMD,0.9795214898684635,41064,0.742349599050667,10789
R-179-02,OPMD,0.9863846153846154,51966,0.8359246387415401,17036
R-179-03,OPMD,0.9787129701945256,54757,0.6070784007830902,19249
R-179-04,OPMD,0.9789225235253497,48261,0.47358876864580285,11600
R-179-05,OPMD,0.9250317086428701,23712,0.5638014717394708,3773
R-186-01,Benign,0.9514689880304679,46010,0.02130492676431425,32
R-187-01,OPMD,0.9792969188723747,26905,0.8952171867649364,14458
R-187-02,OPMD,0.9672257904883657,48360,0.7284311520875496,16319
R-187-03,OPMD,0.9580528223718281,48621,0.25682720953326715,3550
R-187-04,OPMD,0.9845004799700311,42648,0.5520215633423181,6654
R-187-05,OPMD,0.9785352350567702,42640,0.7909109162706646,12725
R-189-01,OPMD,0.958988332285335,21882,0.015697266993693063,614
R-189-02,OPMD,0.9765533192814907,26835,0.7761846901579587,17581
R-190-01,Healthy,0.9637127384989119,28637,0.0,0
R-190-02,Healthy,0.9367319403420487,13894,,0
R-190-03,Healthy,0.9738583719391132,23598,0.0,0
R-190-04,Healthy,0.9363695937090433,15967,0.0,0
R-190-05,Healthy,0.8661829907295445,9526,0.0,0
R-201-01,OPMD,0.9103160672423339,40224,0.49539050269612106,2944
R-201-02,OPMD,0.9352533650039588,47763,0.4469123338381289,2838
R-201-03,OPMD,0.9199611863152939,55323,0.3277723258096173,5384
R-201-04,OPMD,0.9087061393528422,47148,0.25103874770509227,3463
R-201-05,OPMD,0.8988626198083067,42838,0.17619453924914677,2617
R-205-01,Healthy,0.9462969099494657,50105,0.0,0
R-205-02,Healthy,0.9555129696803778,59702,0.0,0
R-205-03,Healthy,0.9606942130604325,55822,0.0,0
R-205-04,Healthy,0.983787493209047,51973,0.0,0
R-217-01,OPMD,0.9768495218922999,33354,0.2303685124445302,1631
R-217-02,OPMD,0.9801776616325828,49473,0.3075079872204473,2897
R-217-03,OPMD,0.9840410373325734,35164,0.06126237623762376,803
R-217-04,OPMD,0.9475216852540272,33520,0.15041350792556857,955
R-217-05,OPMD,0.974939078422685,36636,0.3331384015594542,4170
R-227-01,Healthy,0.8438255189080035,51970,0.0,0
R-227-02,Healthy,0.9705562555012858,58249,0.0,0
R-227-03,Healthy,0.9532429728008733,45014,0.0,0
R-227-04,Healthy,0.5185443467728615,40363,,0
R-227-05,Benign,0.9560646900269542,26822,0.4266029246344207,1517
R-233-01,Benign,0.9161538903904768,17612,0.0,72
R-233-02,Benign,0.9717767980005055,17835,0.03183023872679045,74
R-238-01,Benign,0.9694947388378046,26815,0.6892994923857868,15852
R-238-02,Benign,0.9210231876229793,27422,0.7377213163949184,11873
R-238-03,Benign,0.9640875253778479,22520,0.8200982525962316,7146
R-238-04,Healthy,0.9743875134274658,38796,0.0,0
R-238-05,Benign,0.9762242022694387,33010,0.6265434495612332,8505
R-242-01,OCA,0.9880159142853687,41417,0.12058627581612258,2010
R-242-02,OCA,0.9843256944803683,38442,0.13397825973890884,1827
R-255-01,OPMD,0.9671683830648711,50903,0.479671531217923,16179
R-255-02,OPMD,0.9632249823583532,56741,0.6012489451476793,17851
R-255-03,OPMD,0.9578933646199974,43305,0.8236828068511823,7683
R-255-04,OPMD,0.9660152046377617,29178,0.7751650829441133,5592
R-255-05,OPMD,0.9542644817725724,29036,0.7895589866075237,5956
R-256-01,OPMD,0.8823779997160032,23580,0.3347248576850095,1453
R-256-02,OPMD,0.9447440812701713,24219,0.30484425230018847,1433
R-256-03,OPMD,0.9130304483337329,18088,0.3900763358778626,1022
R-258-01,OPMD,0.926752566062459,35881,0.7679457060819629,11233
R-258-02,OPMD,0.9559198891066393,53475,0.0,1909
R-258-03,OPMD,0.9605859875980062,38670,0.15873015873015872,1334
R-264-01,Benign,0.8892937219730942,3944,0.560427807486631,317
R-264-02,Benign,0.9262407902194154,6510,0.37767584097859325,254
R-264-03,Benign,0.923407482305359,7517,0.17296962182269063,287
R-264-04,Benign,0.935795763172189,8854,0.23007063572149344,264
N-267-01,OPMD,0.9736559532124726,47650,0.20481229163646905,1428
N-267-02,OPMD,0.9814180317619107,20218,0.6228212210686732,6808
N-267-03,OPMD,0.9672932696990357,25438,0.660371094470471,9082
N-267-04,OPMD,0.8649651132547015,49417,0.2349506744513791,1582
N-281-01,Benign,0.7420798697901528,12928,0.0752515677409946,258
N-281-02,Benign,0.7305918242830994,15013,0.03714020427112349,180
